{
  "Model 1: Sentiment Only": {
    "params": 1297346,
    "best_val": 0.8027522935779816,
    "final_val": 0.7981651376146789,
    "train_accs": [
      0.6726,
      0.7834,
      0.8332,
      0.8592,
      0.8748,
      0.8862,
      0.8931,
      0.8976
    ],
    "val_accs": [
      0.7523,
      0.7672,
      0.7901,
      0.7901,
      0.8028,
      0.797,
      0.7993,
      0.7982
    ]
  },
  "Model 2: Dual Objective": {
    "params": 2329346,
    "best_val": 0.8096330275229358,
    "final_val": 0.8096330275229358,
    "train_accs": [
      0.6434,
      0.7581,
      0.8064,
      0.832,
      0.849,
      0.8597,
      0.8683,
      0.8725
    ],
    "val_accs": [
      0.7397,
      0.7741,
      0.7878,
      0.8028,
      0.797,
      0.8016,
      0.8062,
      0.8096
    ]
  },
  "Model 3: Dual + Engram": {
    "params": 2354082,
    "best_val": 0.7935779816513762,
    "final_val": 0.7935779816513762,
    "train_accs": [
      0.6423,
      0.7482,
      0.7966,
      0.8215,
      0.8397,
      0.8521,
      0.86,
      0.8656
    ],
    "val_accs": [
      0.6881,
      0.7661,
      0.7718,
      0.7798,
      0.7856,
      0.7775,
      0.7901,
      0.7936
    ]
  },
  "engram_analysis": {
    "adjusted_rand_index": 0.2356,
    "cluster_accuracy": 0.7431,
    "engram_dim": 32
  }
}